name,datetime,tempmax,tempmin,temp,feelslikemax,feelslikemin,feelslike,dew,humidity,precip,precipprob,precipcover,preciptype,snow,snowdepth,windgust,windspeed,winddir,sealevelpressure,cloudcover,visibility,solarradiation,solarenergy,uvindex,severerisk,sunrise,sunset,moonphase,conditions,description,icon,stations
india,2024-07-01,95.4,84.2,89.8,114.7,96.1,106.5,79.6,72.6,0,0,0,rain,0,0,15.4,6.9,248,995.9,65.8,2.3,179.4,15.5,6,30,2024-07-01T05:27:03,2024-07-01T19:23:06,0.83,Partially cloudy,Partly cloudy throughout the day.,partly-cloudy-day,"42182099999,42176099999,VIDP,42139099999,42181099999"
india,2024-07-02,96.8,87.5,91.1,119.1,102.4,109.7,80.3,71.4,0,0,0,rain,0,0,18.3,9.2,218.2,994.2,88.5,2.8,155.3,13.5,5,30,2024-07-02T05:27:26,2024-07-02T19:23:05,0.87,Partially cloudy,Partly cloudy throughout the day.,partly-cloudy-day,"42182099999,42176099999,VIDP,42139099999,42181099999,remote"
india,2024-07-03,93.2,77.9,85.2,118.3,77.9,99,80.7,87.2,0.381,100,4.17,rain,0,0,23,9.2,129.6,997.2,81.8,1.8,105.7,9.1,4,30,2024-07-03T05:27:50,2024-07-03T19:23:03,0.9,"Rain, Partially cloudy",Partly cloudy throughout the day with afternoon rain.,rain,"42182099999,42176099999,VIDP,42139099999,42181099999"
india,2024-07-04,88.3,78.8,83.5,107.9,78.8,95.7,80.2,90.2,0.037,100,8.33,rain,0,0,15.7,6.9,80.3,999.8,85.5,1.9,98.3,8.6,4,30,2024-07-04T05:28:15,2024-07-04T19:22:59,0.94,"Rain, Partially cloudy",Partly cloudy throughout the day with rain in the morning and afternoon.,rain,"42182099999,42176099999,VIDP,42139099999,42181099999"
india,2024-07-05,90.4,82.4,85.3,111.8,93.2,101,81.1,87.4,0.02,100,4.17,rain,0,0,18.6,11.4,76.1,996.8,82.8,2.1,146.9,12.4,6,30,2024-07-05T05:28:40,2024-07-05T19:22:54,0.98,"Rain, Partially cloudy",Partly cloudy throughout the day with morning rain.,rain,"42182099999,42176099999,VIDP,42139099999,42181099999,VIDD"
india,2024-07-06,92.9,82.4,85.5,114.2,93.5,100.1,80.4,85.4,0.001,100,4.17,rain,0,0,20.8,9.2,57.8,995.7,83.9,1.9,94.7,8.3,4,30,2024-07-06T05:29:06,2024-07-06T19:22:47,0,"Rain, Partially cloudy",Partly cloudy throughout the day with morning rain.,rain,"42182099999,42176099999,VIDP,42139099999,42181099999"
india,2024-07-07,94.1,80.5,85.7,110,87.4,95.4,76.8,76.4,0,0,0,,0,0,18.3,11.4,70.3,999,71.3,2.6,155.2,13.5,6,10,2024-07-07T05:29:33,2024-07-07T19:22:40,0.04,Partially cloudy,Partly cloudy throughout the day.,partly-cloudy-day,"42182099999,42176099999,VIDP,42139099999,42181099999"
india,2024-07-08,87.9,78.8,82.9,98.6,78.8,90.7,77.1,83.2,0,0,0,rain,0,0,18.3,11.4,51,1002,61.7,2.7,203.4,17.6,7,30,2024-07-08T05:30:00,2024-07-08T19:22:30,0.07,Partially cloudy,Partly cloudy throughout the day.,partly-cloudy-day,"42182099999,42176099999,VIDP,42139099999,42181099999"
india,2024-07-09,89.6,82.1,85.2,111.4,92.4,100.5,80.8,87,1.096,100,8.33,rain,0,0,12.1,11.4,90.3,1002.8,70.3,1.9,229.8,19.9,7,30,2024-07-09T05:30:28,2024-07-09T19:22:20,0.11,"Rain, Partially cloudy",Partly cloudy throughout the day with rain in the morning and afternoon.,rain,"42182099999,42176099999,VIDP,42139099999,42181099999"
india,2024-07-10,96.8,82.4,87.5,118,92.4,105.9,81.9,85,0.475,100,4.17,rain,0,0,20.8,9.2,122,1002.5,80.1,1.6,256.6,22.3,9,30,2024-07-10T05:30:56,2024-07-10T19:22:08,0.14,"Rain, Partially cloudy",Partly cloudy throughout the day with afternoon rain.,rain,"42182099999,42176099999,VIDP,42139099999,42181099999"
india,2024-07-11,100.6,82.9,92,125.2,97.5,112,81.3,73.3,0.17,100,4.17,rain,0,0,20.4,6.9,227.3,998.4,55.1,2.8,255.2,22,8,30,2024-07-11T05:31:25,2024-07-11T19:21:54,0.17,"Rain, Partially cloudy",Partly cloudy throughout the day with early morning rain.,rain,"42182099999,42176099999,VIDP,42139099999,42181099999,remote"
india,2024-07-12,92.8,84.2,88.6,104.6,90.9,98.7,75.1,64.7,0,0,0,rain,0,0,22.8,10.3,263.7,997,74.1,2.6,237,20.5,8,30,2024-07-12T05:31:55,2024-07-12T19:21:39,0.2,Partially cloudy,Partly cloudy throughout the day.,partly-cloudy-day,"42182099999,42176099999,VIDP,42139099999,42181099999"
india,2024-07-13,95,80.6,86.5,110.6,88.1,99.5,78.5,78,0.79,100,8.33,rain,0,0,28.9,6.9,139.4,997.8,66.7,2.2,205.5,17.8,7,10,2024-07-13T05:32:24,2024-07-13T19:21:23,0.24,"Rain, Partially cloudy",Partly cloudy throughout the day with rain.,rain,"42182099999,42176099999,VIDP,42139099999,42181099999"
india,2024-07-14,96.1,84,90,114.2,98.3,106.7,79.7,73.1,0,0,0,rain,0,0,10.1,8.1,108.5,997.6,59.5,2.1,269.6,23.4,8,10,2024-07-14T05:32:55,2024-07-14T19:21:05,0.25,Partially cloudy,Partly cloudy throughout the day.,partly-cloudy-day,"42182099999,42176099999,VIDP,42139099999,42181099999"
india,2024-07-15,93.2,77,88.4,115.8,77,106.6,81,79.3,0.275,100,4.17,rain,0,0,18.3,9.2,67.3,1000.1,57.6,1.8,206.6,17.8,6,30,2024-07-15T05:33:26,2024-07-15T19:20:46,0.3,"Rain, Partially cloudy",Partly cloudy throughout the day with morning rain.,rain,"42182099999,42176099999,VIDP,42139099999,42181099999"
india,2024-07-16,99.3,86,91.8,122.4,104.7,112.7,81.5,73.5,0,0,0,,0,0,19.9,11.4,88.5,1000.5,49.8,2.2,210.9,18.1,7,30,2024-07-16T05:33:57,2024-07-16T19:20:26,0.33,Partially cloudy,Partly cloudy throughout the day.,partly-cloudy-day,"42182099999,42176099999,VIDP,42139099999,42181099999"
india,2024-07-17,96.8,87.6,90.8,122.3,105.9,113.2,82.4,77.1,0,0,0,,0,0,15.4,9.2,79.9,1000.7,41.9,2.3,245.1,21.2,8,10,2024-07-17T05:34:28,2024-07-17T19:20:04,0.37,Partially cloudy,Partly cloudy throughout the day.,partly-cloudy-day,"42182099999,42176099999,VIDP,42139099999,42181099999,VIDD"
india,2024-07-18,96.2,78.8,87.8,121.5,78.8,107.1,82,83.6,0.163,100,4.17,rain,0,0,23,11.4,101,999.3,67.3,2,204.2,17.8,7,30,2024-07-18T05:35:00,2024-07-18T19:19:41,0.4,"Rain, Partially cloudy",Partly cloudy throughout the day with afternoon rain.,rain,"42182099999,42176099999,VIDP,42139099999,42181099999,VIDD"
india,2024-07-19,95,82.8,88.7,123.8,95.3,109.5,82.6,82.9,0,0,0,,0,0,14.5,9.2,108.1,998.2,55.2,1.8,223.8,19.5,7,30,2024-07-19T05:35:32,2024-07-19T19:19:16,0.43,Partially cloudy,Partly cloudy throughout the day.,partly-cloudy-day,"42182099999,42176099999,VIDP,42139099999,42181099999"
india,2024-07-20,98.5,82.3,90.3,121.6,93.8,108.3,80.7,75.1,0,0,0,,0,0,15.9,6.9,107.4,999,46.2,2.1,243.7,21,8,30,2024-07-20T05:36:04,2024-07-20T19:18:51,0.46,Partially cloudy,Partly cloudy throughout the day.,partly-cloudy-day,"42182099999,42176099999,VIDP,42139099999,42181099999"
india,2024-07-21,96.8,84.9,90.8,124.9,103.3,113,82.3,77,0.238,100,4.17,rain,0,0,16.3,12.8,89.8,998.7,64,2.2,225.7,19.7,7,30,2024-07-21T05:36:37,2024-07-21T19:18:23,0.5,"Rain, Partially cloudy",Partly cloudy throughout the day with morning rain.,rain,"42182099999,42176099999,VIDP,42139099999,42181099999"
india,2024-07-22,95.7,81.8,87.6,120.5,93.5,107.1,82.2,84.8,1.101,100,8.33,rain,0,0,16.3,10.3,109,999.1,70.2,2.1,215.3,18.7,7,30,2024-07-22T05:37:10,2024-07-22T19:17:55,0.53,"Rain, Partially cloudy",Partly cloudy throughout the day with afternoon rain.,rain,"42182099999,42176099999,VIDP,42139099999,42181099999"
india,2024-07-23,94.5,83.8,88.6,122.7,98.8,110.7,83.1,84.5,0.038,100,4.17,rain,0,0,14.5,6.9,98.3,998,56.4,1.8,226.7,19.5,8,30,2024-07-23T05:37:43,2024-07-23T19:17:25,0.57,"Rain, Partially cloudy",Partly cloudy throughout the day with afternoon rain.,rain,"42182099999,42176099999,VIDP,42139099999,42181099999"
india,2024-07-24,91.4,78.8,86,115.2,78.8,102.6,81.7,87.5,1.292,100,12.5,rain,0,0,11.2,9.2,229.2,994.8,74.7,1.6,138.1,11.9,6,30,2024-07-24T05:38:16,2024-07-24T19:16:53,0.6,"Rain, Partially cloudy",Partly cloudy throughout the day with rain clearing later.,rain,"42182099999,42176099999,VIDP,42139099999,42181099999,VIDD"
india,2024-07-25,96.2,81.5,88.1,120.8,92.3,108,82.3,83.8,0.374,100,8.33,rain,0,0,12.1,5.8,98.8,994,70.3,1.8,213.7,18.6,8,30,2024-07-25T05:38:49,2024-07-25T19:16:21,0.64,"Rain, Partially cloudy",Partly cloudy throughout the day with morning rain.,rain,"42182099999,42176099999,VIDP,42139099999,42181099999,VIDD"
india,2024-07-26,91.4,80.8,87.5,116.1,89.4,107.6,82.5,85.8,1.295,100,8.33,rain,0,0,10.3,6.9,264.2,995.4,84.5,1.9,174.4,15.1,6,30,2024-07-26T05:39:23,2024-07-26T19:15:47,0.67,"Rain, Partially cloudy",Partly cloudy throughout the day with rain clearing later.,rain,"42182099999,42176099999,VIDP,42139099999,42181099999,VIDD"
india,2024-07-27,95,84.2,88.3,121.7,100.7,110.3,83.2,85.7,0,0,0,,0,0,15.2,10.3,73.6,997.6,78.6,1.7,168.5,14.4,7,30,2024-07-27T05:39:56,2024-07-27T19:15:12,0.71,Partially cloudy,Partly cloudy throughout the day.,partly-cloudy-day,"42182099999,42176099999,VIDP,42139099999,42181099999,VIDD"
india,2024-07-28,98.6,83.9,91.3,123.8,98.2,111.7,81.5,74.6,0.001,100,4.17,rain,0,0,18.3,9.2,91.5,997.8,57,2.3,204.5,17.6,7,30,2024-07-28T05:40:30,2024-07-28T19:14:35,0.75,"Rain, Partially cloudy",Partly cloudy throughout the day with afternoon rain.,rain,"42182099999,42176099999,VIDP,42139099999,42181099999"
india,2024-07-29,99.5,86,92.4,125.6,103.6,113,81,70.6,0,0,0,,0,0,20.1,10.3,100,998,44.6,2.6,240.9,20.9,7,30,2024-07-29T05:41:04,2024-07-29T19:13:57,0.78,Partially cloudy,Partly cloudy throughout the day.,partly-cloudy-day,"42182099999,42176099999,VIDP,42139099999,42181099999"
india,2024-07-30,102.2,87.8,93.9,127,105.1,116.1,81.6,68.8,0,0,0,,0,0,18.1,8.1,107,999.3,49.5,2.5,224.1,19.4,7,30,2024-07-30T05:41:37,2024-07-30T19:13:18,0.81,Partially cloudy,Partly cloudy throughout the day.,partly-cloudy-day,"42182099999,42176099999,VIDP,42139099999,42181099999,VIDD"
india,2024-07-31,98.6,77.9,89.3,126.8,77.9,107.4,81.3,78.7,3.533,100,8.33,rain,0,0,15.4,11.4,220.9,999.3,74.3,2.2,98.4,8.3,4,30,2024-07-31T05:42:11,2024-07-31T19:12:38,0.85,"Rain, Partially cloudy",Partly cloudy throughout the day with late afternoon rain.,rain,"42182099999,42176099999,VIDP,42139099999,42181099999"
india,2024-08-01,90.6,77,83.8,108.1,77,93.6,78.8,85.7,0.502,100,4.17,rain,0,0,22.4,6.9,122.3,999.5,91.4,2.4,107,9.3,5,10,2024-08-01T05:42:45,2024-08-01T19:11:57,0.89,"Rain, Overcast",Cloudy skies throughout the day with early morning rain.,rain,"42182099999,42176099999,VIDP,42139099999,42181099999"
india,2024-08-02,90.5,81.5,85.5,111.8,92.3,101.1,80.8,86.3,0.117,100,8.33,rain,0,0,24.4,8.1,85.4,997.7,79.3,2.2,186.1,16,7,30,2024-08-02T05:43:18,2024-08-02T19:11:14,0.92,"Rain, Partially cloudy",Partly cloudy throughout the day with rain.,rain,"42182099999,42176099999,VIDP,42139099999,42181099999"
india,2024-08-03,93.6,82.4,86.6,112.7,93.4,101.2,79.9,81.5,0.015,100,8.33,rain,0,0,26.6,10.3,109.9,999.5,66.6,2.6,211.8,18.3,7,30,2024-08-03T05:43:52,2024-08-03T19:10:31,0.96,"Rain, Partially cloudy",Partly cloudy throughout the day with rain.,rain,"42182099999,42176099999,VIDP,42139099999,42181099999"
india,2024-08-04,94.2,81.2,86.9,112.7,90.6,99.6,78.6,77.8,0.175,100,4.17,rain,0,0,28.9,11.4,73.2,1001.4,78,2.4,197,16.8,6,30,2024-08-04T05:44:26,2024-08-04T19:09:46,0,"Rain, Partially cloudy",Partly cloudy throughout the day with late afternoon rain.,rain,"42182099999,42176099999,VIDP,42139099999,42181099999"
india,2024-08-05,90,82.4,86,109.4,92.4,99.7,79,80.1,0,0,0,rain,0,0,25.3,12.8,82.4,1000.7,66.4,2.4,202.6,17.3,7,10,2024-08-05T05:44:59,2024-08-05T19:09:00,0.03,Partially cloudy,Partly cloudy throughout the day.,partly-cloudy-day,"42182099999,42176099999,VIDP,42139099999,42181099999"
india,2024-08-06,92.6,80.6,85.9,108.7,89.3,98.7,78.8,80.1,0,0,0,rain,0,0,21,8.1,156.1,999.7,73.5,2.8,160.4,13.9,5,30,2024-08-06T05:45:33,2024-08-06T19:08:12,0.06,Partially cloudy,Partly cloudy throughout the day.,partly-cloudy-day,"42182099999,42176099999,VIDP,42139099999,42181099999"
india,2024-08-07,87.6,80.5,82.7,104.4,88.1,94.2,80.2,92.6,0.755,100,16.67,rain,0,0,16.1,6.9,152.3,1000.8,94.2,2.1,81.1,7,4,30,2024-08-07T05:46:06,2024-08-07T19:07:24,0.09,"Rain, Overcast",Cloudy skies throughout the day with rain.,rain,"42182099999,42176099999,VIDP,42139099999,42181099999"
india,2024-08-08,91.2,78.8,83.4,110.5,78.8,94.4,79.9,89.7,0.356,100,16.67,rain,0,0,22.4,11.4,94.8,1002.4,90.3,2.1,190,16.3,7,30,2024-08-08T05:46:40,2024-08-08T19:06:35,0.12,"Rain, Overcast",Cloudy skies throughout the day with a chance of rain throughout the day.,rain,"42182099999,42176099999,VIDP,42139099999,42181099999"
india,2024-08-09,93.1,80.6,84.2,115.9,88.1,97.7,80.5,89.1,0.74,100,12.5,rain,0,0,16.6,8.1,78,1003.3,89.1,1.7,161.9,13.8,5,30,2024-08-09T05:47:13,2024-08-09T19:05:44,0.16,"Rain, Partially cloudy",Partly cloudy throughout the day with rain.,rain,"42182099999,42176099999,VIDP,42139099999,42181099999"
india,2024-08-10,88.7,80.6,84,111.8,88.1,97.7,80.6,90,0.035,100,8.33,rain,0,0,13.2,8.1,97.6,1002.6,74.8,1.7,166.8,14.3,6,30,2024-08-10T05:47:46,2024-08-10T19:04:53,0.19,"Rain, Partially cloudy",Partly cloudy throughout the day with rain.,rain,"42182099999,42176099999,VIDP,42139099999,42181099999"
india,2024-08-11,84.9,77,81.2,98.2,77,88.9,79.4,94.3,1.207,100,25,rain,0,0,13.6,9.2,184.3,1001.4,95.2,1.6,79.8,6.9,3,30,2024-08-11T05:48:19,2024-08-11T19:04:01,0.22,"Rain, Overcast",Cloudy skies throughout the day with a chance of rain throughout the day.,rain,"42182099999,42176099999,VIDP,42139099999,42181099999"
india,2024-08-12,84.1,78.7,81.4,100.4,78.7,90.8,79.9,95.2,0.64,100,83.33,rain,0,0,17,8.1,45.9,1002.7,89.4,1.8,72,6.2,3,30,2024-08-12T05:48:52,2024-08-12T19:03:07,0.25,"Rain, Partially cloudy",Partly cloudy throughout the day with a chance of rain throughout the day.,rain,"VIDP,42181099999,VIDD"
india,2024-08-13,89.6,78.7,83.7,111.4,78.7,96.8,80.8,91.2,2.25,100,16.67,rain,0,0,16.8,9.2,81.1,1003.5,87.1,2,98.2,8.5,5,10,2024-08-13T05:49:24,2024-08-13T19:02:13,0.29,"Rain, Partially cloudy",Partly cloudy throughout the day with rain.,rain,"42182099999,42176099999,VIDP,42139099999,42181099999"
india,2024-08-14,94.7,82.2,87.1,115.1,94.1,104.3,81.3,83.8,0,0,0,,0,0,15.9,9.2,85.6,1003.7,69.8,2.3,145.7,12.4,6,30,2024-08-14T05:49:57,2024-08-14T19:01:18,0.32,Partially cloudy,Partly cloudy throughout the day.,partly-cloudy-day,"42182099999,42176099999,VIDP,42139099999,42181099999,VIDD"
india,2024-08-15,91.4,80.6,85.8,115.2,88.1,103.9,82.4,90.1,0.5,100,20.83,rain,0,0,19.7,11.4,95.3,1002.8,87.6,2.2,188.1,16.1,6,30,2024-08-15T05:50:29,2024-08-15T19:00:21,0.35,"Rain, Partially cloudy",Partly cloudy throughout the day with rain.,rain,"42182099999,42176099999,VIDP,42139099999,42181099999"
india,2024-08-16,93.8,80.6,86.1,115,88.1,101.9,81.1,86.1,0.34,100,8.33,rain,0,0,23.3,10.3,112.8,1001.9,82.2,2.3,168.4,14.6,6,30,2024-08-16T05:51:02,2024-08-16T18:59:24,0.39,"Rain, Partially cloudy",Partly cloudy throughout the day with rain.,rain,"42182099999,42176099999,VIDP,42139099999,42181099999"
india,2024-08-17,93.2,82.4,86.4,114.3,94.1,102,80.6,83.8,0.06,100,8.33,rain,0,0,11.9,6.9,293.9,1004.4,80.7,2.5,189.6,16.4,6,30,2024-08-17T05:51:34,2024-08-17T18:58:26,0.42,"Rain, Partially cloudy",Partly cloudy throughout the day with afternoon rain.,rain,"42182099999,42176099999,VIDP,42139099999,42181099999"
india,2024-08-18,92.5,82.4,87.4,113.5,94.1,103.7,80.6,81.2,0,0,0,rain,0,0,17.7,10.3,263.8,1004.9,64.7,2.6,168.5,14.4,5,30,2024-08-18T05:52:06,2024-08-18T18:57:28,0.45,Partially cloudy,Partly cloudy throughout the day.,partly-cloudy-day,"42182099999,42176099999,VIDP,42139099999,42181099999,VIDD"
india,2024-08-19,94.1,82.4,87.6,117.1,94.1,103.4,80,79.1,0,0,0,rain,0,0,16.6,9.2,280.8,1004.1,67.1,2.6,197.7,17,7,30,2024-08-19T05:52:38,2024-08-19T18:56:28,0.5,Partially cloudy,Partly cloudy throughout the day.,partly-cloudy-day,"42182099999,42176099999,VIDP,42139099999,42181099999"
india,2024-08-20,90,77.7,83.4,107.2,77.7,93.5,78.8,86.5,0.039,100,4.17,rain,0,0,13.2,11.4,266.8,1004.4,82.3,2.4,136.1,11.6,5,30,2024-08-20T05:53:09,2024-08-20T18:55:28,0.52,"Rain, Partially cloudy",Partly cloudy throughout the day with morning rain.,rain,"42182099999,42176099999,VIDP,42139099999,42181099999"
india,2024-08-21,95.8,80.6,86.7,113.8,86.1,99.3,78.3,77.2,0,0,0,rain,0,0,12.1,8.1,186,1005.3,68.5,2.6,216.3,18.6,8,30,2024-08-21T05:53:41,2024-08-21T18:54:26,0.55,Partially cloudy,Partly cloudy throughout the day.,partly-cloudy-day,"42182099999,42176099999,VIDP,42139099999,42181099999"
india,2024-08-22,96.4,82.4,87.8,115.8,92.4,101.7,78.9,76.2,0.136,100,4.17,rain,0,0,15,8.1,269.6,1004,58.9,2.6,225.5,19.4,8,60,2024-08-22T05:54:12,2024-08-22T18:53:25,0.59,"Rain, Partially cloudy",Partly cloudy throughout the day with late afternoon rain.,rain,"42182099999,42176099999,VIDP,42139099999,42181099999"
india,2024-08-23,87.8,80.6,83,102.7,87.1,93.3,78.6,87,0,0,0,rain,0,0,9.4,6.9,307.3,1005.1,75.2,2.4,157.6,13.5,7,30,2024-08-23T05:54:43,2024-08-23T18:52:22,0.62,Partially cloudy,Partly cloudy throughout the day.,partly-cloudy-day,"42182099999,42176099999,VIDP,42139099999,42181099999"
india,2024-08-24,94.3,80.5,86.5,118.9,87.9,101.8,80.2,82.2,0,0,0,,0,0,14.1,6.9,44.3,1004.2,63.3,1.7,214.3,18.5,7,30,2024-08-24T05:55:14,2024-08-24T18:51:19,0.66,Partially cloudy,Partly cloudy throughout the day.,partly-cloudy-day,"42182099999,42176099999,VIDP,42139099999,42181099999"
india,2024-08-25,92.9,78.8,86.7,110.7,78.8,99.8,79,79,0.053,100,4.17,rain,0,0,33.6,9.8,76.7,1001.9,62.2,2.2,234.1,20.2,8,30,2024-08-25T05:55:45,2024-08-25T18:50:15,0.69,"Rain, Partially cloudy",Partly cloudy throughout the day with early morning rain.,rain,"42182099999,42176099999,VIDP,42139099999,42181099999"
india,2024-08-26,93.8,82.4,85.9,115.6,89.5,99.8,79.5,82,0.007,100,4.17,rain,0,0,34.4,23,86.6,1001.7,69.4,2.2,200.3,17.2,8,30,2024-08-26T05:56:16,2024-08-26T18:49:10,0.75,"Rain, Partially cloudy",Partly cloudy throughout the day with afternoon rain.,rain,"42182099999,42176099999,VIDP,42139099999,42181099999"
india,2024-08-27,90.4,77,83.3,109.9,77,92.7,78.5,86,0.638,100,12.5,rain,0,0,32.4,11.4,92,1003.9,86.1,2.2,163,14,8,30,2024-08-27T05:56:47,2024-08-27T18:48:05,0.76,"Rain, Partially cloudy",Partly cloudy throughout the day with rain.,rain,"42182099999,42176099999,VIDP,42139099999,42181099999"
india,2024-08-28,91.8,77,82.4,110,77,90.8,78.4,88.5,0.491,100,12.5,rain,0,0,25.5,10.3,88.8,1004,87.7,1.9,179.4,15.5,7,30,2024-08-28T05:57:17,2024-08-28T18:46:59,0.8,"Rain, Partially cloudy",Partly cloudy throughout the day with rain.,rain,"42182099999,42176099999,VIDP,42139099999,42181099999"
india,2024-08-29,84.2,77,80.6,98.2,77,87.5,79.2,95.6,3.242,100,20.83,rain,0,0,21.3,10.3,108.6,1004.2,90.8,1.9,131.4,11.4,7,30,2024-08-29T05:57:47,2024-08-29T18:45:53,0.83,"Rain, Overcast",Cloudy skies throughout the day with a chance of rain throughout the day.,rain,"42182099999,42176099999,VIDP,42139099999,42181099999"
india,2024-08-30,93.2,78.5,84.9,111,78.5,95.3,78.7,82.8,0.011,100,4.17,rain,0,0,23,11.4,155,1006.2,44.3,2.2,231.3,19.8,8,30,2024-08-30T05:58:18,2024-08-30T18:44:46,0.87,"Rain, Partially cloudy",Partly cloudy throughout the day with late afternoon rain.,rain,"42182099999,42176099999,VIDP,42139099999,42181099999"
india,2024-08-31,95,80.6,87.5,116.1,88.1,103.2,80.2,80.1,0,0,0,,0,0,15.2,9.2,276.1,1005.5,47.6,2.2,233.7,20.2,8,30,2024-08-31T05:58:48,2024-08-31T18:43:38,0.9,Partially cloudy,Partly cloudy throughout the day.,partly-cloudy-day,"42182099999,42176099999,VIDP,42139099999,42181099999,VIDD"
india,2024-09-01,95.1,82.4,89,113.8,94.1,106,80.3,76.9,0,0,0,,0,0,15,6.9,302.1,1004.9,46.7,2.3,221.4,19,7,30,2024-09-01T05:59:18,2024-09-01T18:42:30,0.94,Partially cloudy,Partly cloudy throughout the day.,partly-cloudy-day,"42182099999,42176099999,VIDP,42139099999,42181099999"
india,2024-09-02,90,80.6,84.8,107.4,88.1,98.5,80.2,86.5,0.787,100,8.33,rain,0,0,18.3,8.1,98.9,1006,72.8,2,151,13.2,6,30,2024-09-02T05:59:47,2024-09-02T18:41:22,0.97,"Rain, Partially cloudy",Partly cloudy throughout the day with rain clearing later.,rain,"42182099999,42176099999,VIDP,42139099999,42181099999"
india,2024-09-03,95.3,82.4,87.5,113,91.5,102.6,79.8,79.1,0,0,0,,0,0,17.7,11.4,92.3,1005.9,65.7,2.2,189.3,16.4,7,30,2024-09-03T06:00:17,2024-09-03T18:40:13,0,Partially cloudy,Partly cloudy throughout the day.,partly-cloudy-day,"42182099999,42176099999,VIDP,42139099999,42181099999"
india,2024-09-04,89.4,76.7,80.7,104.8,76.7,86.1,77.5,90.6,0.44,100,12.5,rain,0,0,20.8,9.2,239.9,1004.1,85.4,2.1,172.5,15,7,30,2024-09-04T06:00:47,2024-09-04T18:39:04,0.04,"Rain, Partially cloudy",Partly cloudy throughout the day with rain.,rain,"42182099999,42176099999,VIDP,42139099999,42181099999"
india,2024-09-05,90,75.2,82.9,105.2,75.2,91.4,77.7,85.4,0.027,100,4.17,rain,0,0,11.4,4.7,178.4,1002.3,77.8,2.1,167.6,14.3,7,10,2024-09-05T06:01:16,2024-09-05T18:37:54,0.07,"Rain, Partially cloudy",Partly cloudy throughout the day with late afternoon rain.,rain,"42182099999,42176099999,VIDP,42139099999,42181099999"
india,2024-09-06,89.6,78.4,82.6,102.5,78.4,91.3,78.3,87.4,1.256,100,4.17,rain,0,0,15.2,9.7,96.2,1003.7,85,2.1,149.9,13,6,30,2024-09-06T06:01:46,2024-09-06T18:36:44,0.11,"Rain, Partially cloudy",Partly cloudy throughout the day with morning rain.,rain,"42182099999,42176099999,VIDP,42139099999,42181099999"
india,2024-09-07,91.3,78.8,81.4,109.5,78.8,86.2,77.5,88.7,0.091,100,8.33,rain,0,0,13.6,12.8,94.3,1004.9,90.5,1.9,129.4,11.2,6,30,2024-09-07T06:02:15,2024-09-07T18:35:34,0.14,"Rain, Overcast",Cloudy skies throughout the day with rain.,rain,"42182099999,42176099999,VIDP,42139099999,42181099999"
india,2024-09-08,84.2,78.8,80.9,98,78.8,88.7,79.4,95.1,0.01,100,8.33,rain,0,0,12.3,8.1,261.1,1004.7,85.3,1.1,163,14.1,6,10,2024-09-08T06:02:45,2024-09-08T18:34:23,0.17,"Rain, Partially cloudy",Partly cloudy throughout the day with rain in the morning and afternoon.,rain,"42182099999,42176099999,VIDP,42139099999,42181099999"
india,2024-09-09,92.8,78.8,83.9,114.3,78.8,95.6,80.4,89.8,0.081,100,4.17,rain,0,0,12.1,10.3,292.7,1002.6,58.5,1.3,186.4,16.2,7,30,2024-09-09T06:03:14,2024-09-09T18:33:12,0.21,"Rain, Partially cloudy",Partly cloudy throughout the day with afternoon rain.,rain,"42182099999,42176099999,VIDP,42139099999,42181099999"
india,2024-09-10,93.8,77,82.6,114,77,90.7,78.4,88.1,0.263,100,4.17,rain,0,0,16.8,11.4,58.6,1002,71.9,1.7,183.7,15.8,6,30,2024-09-10T06:03:43,2024-09-10T18:32:01,0.24,"Rain, Partially cloudy",Partly cloudy throughout the day with afternoon rain.,rain,"42182099999,42176099999,VIDP,42139099999,42181099999"
india,2024-09-11,89.6,78.8,83.1,105.6,78.8,91.7,78.6,87,0.072,100,4.17,rain,0,0,14.5,5.8,17.1,1001.8,86.6,2,113.8,9.8,5,30,2024-09-11T06:04:13,2024-09-11T18:30:50,0.25,"Rain, Partially cloudy",Partly cloudy throughout the day with morning rain.,rain,"42182099999,42176099999,VIDP,42139099999,42181099999"
india,2024-09-12,84.2,75.2,79,98.2,75.2,82.4,77.5,95.4,0.638,100,16.67,rain,0,0,27.7,11.4,24.7,1000.6,95,2.1,24.7,2.2,1,10,2024-09-12T06:04:42,2024-09-12T18:29:38,0.31,"Rain, Overcast",Cloudy skies throughout the day with rain.,rain,"42182099999,42176099999,VIDP,42139099999,42181099999"
india,2024-09-13,80.6,73.3,75.2,88.1,73.3,75.8,74.7,98.2,1.5,100,12.5,rain,0,0,27.7,12.8,278.2,1001.3,95.8,1.8,45.6,3.9,3,10,2024-09-13T06:05:11,2024-09-13T18:28:27,0.34,"Rain, Overcast",Cloudy skies throughout the day with a chance of rain throughout the day.,rain,"42182099999,42176099999,VIDP,42139099999,42181099999"
india,2024-09-14,88.1,73,79.7,107.6,73,85.1,75.8,88.6,1.782,100,12.5,rain,0,0,19.7,10.3,263.1,1003.1,82.2,2.1,144.8,12.6,6,10,2024-09-14T06:05:40,2024-09-14T18:27:15,0.37,"Rain, Partially cloudy",Partly cloudy throughout the day with rain clearing later.,rain,"42182099999,42176099999,VIDP,42139099999,42181099999"
india,2024-09-15,90.6,77,82.8,102,77,89,75.9,81.1,0.001,100,4.17,rain,0,0,20.6,10.8,268,1003.8,60.6,2.4,223.4,19.2,7,10,2024-09-15T06:06:10,2024-09-15T18:26:03,0.41,"Rain, Partially cloudy",Partly cloudy throughout the day with afternoon rain.,rain,"42182099999,42176099999,VIDP,42139099999,42181099999"
india,2024-09-16,92,78.8,84.1,109.2,78.8,90.7,76.1,78.3,0,0,0,,0,0,19.2,12.8,271.7,1005.3,46.7,2.6,234.7,20.1,8,10,2024-09-16T06:06:39,2024-09-16T18:24:50,0.44,Partially cloudy,Partly cloudy throughout the day.,partly-cloudy-day,"42182099999,42176099999,VIDP,42139099999,42181099999"
india,2024-09-17,92.7,78.8,84.3,104.8,78.8,91.6,76.2,78.1,0,0,0,,0,0,10.7,8.1,271.7,1006.8,62.2,2.5,176.7,15.3,7,10,2024-09-17T06:07:08,2024-09-17T18:23:38,0.47,Partially cloudy,Partly cloudy throughout the day.,partly-cloudy-day,"42182099999,42176099999,VIDP,42139099999,42181099999,VIDD"
india,2024-09-18,84.2,73.4,78.4,92.4,73.4,81.7,75.1,90.1,0.297,100,12.5,rain,0,0,21.7,11.4,37.5,1005.8,91.1,1.9,70,5.9,4,10,2024-09-18T06:07:38,2024-09-18T18:22:26,0.5,"Rain, Overcast",Cloudy skies throughout the day with rain.,rain,"42182099999,42176099999,VIDP,42139099999,42181099999"
india,2024-09-19,87.5,73.4,80.1,102.5,73.4,85.9,76.4,88.8,0.104,100,8.33,rain,0,0,23.7,12.8,66.6,1005.6,84.9,1.8,182.5,15.7,7,30,2024-09-19T06:08:07,2024-09-19T18:21:14,0.54,"Rain, Partially cloudy",Partly cloudy throughout the day with rain in the morning and afternoon.,rain,"42182099999,42176099999,VIDP,42139099999,42181099999,VIDD"
india,2024-09-20,93.9,78,84.3,108.3,78,91.1,75.6,76.4,0,0,0,,0,0,15.7,6.9,115.9,1005.7,50.7,2.6,201.4,17.5,7,5,2024-09-20T06:08:37,2024-09-20T18:20:02,0.57,Partially cloudy,Partly cloudy throughout the day.,partly-cloudy-day,"42182099999,42176099999,VIDP,42139099999,42181099999,VIDD"
india,2024-09-21,94.4,78.8,86,108,78.8,94.8,76.8,75.8,0,0,0,,0,0,11.6,5.8,126.8,1006.9,41.5,2.6,179.9,15.7,7,10,2024-09-21T06:09:07,2024-09-21T18:18:49,0.61,Partially cloudy,Partly cloudy throughout the day.,partly-cloudy-day,"42182099999,42176099999,VIDP,42139099999,42181099999,VIDD"
india,2024-09-22,95,80.6,87.6,111.4,87.1,100.4,78.1,74.6,0,0,0,,0,0,8.9,5.1,287.8,1006.4,38.5,2.1,182.5,15.7,7,30,2024-09-22T06:09:36,2024-09-22T18:17:37,0.64,Partially cloudy,Partly cloudy throughout the day.,partly-cloudy-day,"42182099999,42176099999,VIDP,42139099999,42181099999,VIDD"
india,2024-09-23,96.7,80.6,87.7,113.7,88.8,102.4,79.6,78.6,0,0,0,,0,0,11.4,6.9,282.9,1005.9,27.5,1.8,233.8,20,8,30,2024-09-23T06:10:06,2024-09-23T18:16:25,0.68,Partially cloudy,Partly cloudy throughout the day.,partly-cloudy-day,"42182099999,42176099999,VIDP,42139099999,42181099999"
india,2024-09-24,97.5,82.4,89,116.2,94.1,105,79.8,75.7,0,0,0,,0,0,8.3,5.8,259.5,1004.7,32.7,1.7,222,19.2,7,10,2024-09-24T06:10:36,2024-09-24T18:15:13,0.71,Partially cloudy,Partly cloudy throughout the day.,partly-cloudy-day,"42182099999,42176099999,VIDP,42139099999,42181099999"
india,2024-09-25,97.6,82.4,87.7,116.4,90.8,102.4,79.3,77.6,0,0,0,,0,0,20.8,11.4,103.4,1004.8,53.6,1.8,168.8,14.5,6,30,2024-09-25T06:11:07,2024-09-25T18:14:01,0.75,Partially cloudy,Partly cloudy throughout the day.,partly-cloudy-day,"42182099999,42176099999,VIDP,42139099999,42181099999"
india,2024-09-26,93.5,78.8,85.4,110.1,78.8,95.5,77.6,78.9,0.002,100,4.17,rain,0,0,18.1,9.2,91.9,1005,60.4,2.2,186.9,16.2,8,30,2024-09-26T06:11:37,2024-09-26T18:12:50,0.78,"Rain, Partially cloudy",Partly cloudy throughout the day with morning rain.,rain,"42182099999,42176099999,VIDP,42139099999,42181099999"
india,2024-09-27,91.6,78.8,84.8,103.5,78.8,93.4,75.8,75.6,0,0,0,rain,0,0,23,11.4,99.8,1004.9,42,2.8,156.6,13.5,5,30,2024-09-27T06:12:08,2024-09-27T18:11:38,0.81,Partially cloudy,Partly cloudy throughout the day.,partly-cloudy-day,"42182099999,42176099999,VIDP,42139099999,42181099999,VIDD"
india,2024-09-28,90.8,75.2,82.2,101.5,75.2,87.2,74.2,77.7,0,0,0,,0,0,16.3,9.2,96.1,1006.9,60.6,2.6,166.9,14.4,6,10,2024-09-28T06:12:38,2024-09-28T18:10:27,0.85,Partially cloudy,Partly cloudy throughout the day.,partly-cloudy-day,"42182099999,42176099999,VIDP,42139099999,42181099999,VIDD"
india,2024-09-29,91.6,76.9,83.8,104.7,76.9,90.4,75.6,77.5,0,0,0,,0,0,12.5,9.2,80.9,1009.2,54.3,2.6,193.2,16.6,7,30,2024-09-29T06:13:09,2024-09-29T18:09:16,0.88,Partially cloudy,Partly cloudy throughout the day.,partly-cloudy-day,"42182099999,42176099999,VIDP,42139099999,42181099999"
india,2024-09-30,92.7,77,84.9,104.4,77,93.7,76.7,77.5,0,0,0,,0,0,18.8,9.2,278.2,1008.4,38.6,2,207.9,17.9,8,10,2024-09-30T06:13:41,2024-09-30T18:08:06,0.91,Partially cloudy,Partly cloudy throughout the day.,partly-cloudy-day,"42182099999,42176099999,VIDP,42139099999,42181099999,VIDD"
india,2024-10-01,93.8,77,85.4,105.3,77,93.7,76.8,77.6,0,0,0,,0,0,19.2,10.3,278,1005.7,8.7,1.9,222.6,19.2,8,10,2024-10-01T06:14:12,2024-10-01T18:06:55,0.95,Clear,Clear conditions throughout the day.,clear-day,"42182099999,42176099999,VIDP,42139099999,42181099999,VIDD"
india,2024-10-02,96.7,78.8,87.3,105.2,78.8,94.7,74.1,67.5,0,0,0,,0,0,19,9.2,268.9,1005,1.7,2.3,229.3,19.8,8,10,2024-10-02T06:14:44,2024-10-02T18:05:45,0.98,Clear,Clear conditions throughout the day.,clear-day,"42182099999,42176099999,VIDP,42139099999,42181099999"
india,2024-10-03,96.2,80.6,86.6,103.7,83.3,91.9,71,61.7,0,0,0,,0,0,13.2,10.3,273.1,1004.4,0,2.6,234.9,20.2,8,10,2024-10-03T06:15:16,2024-10-03T18:04:36,0,Clear,Clear conditions throughout the day.,clear-day,"42182099999,42176099999,VIDP,42139099999,42181099999"
india,2024-10-04,95.4,78.6,86.6,108.7,78.6,93.8,73.4,66.1,0,0,0,,0,0,12.8,10.3,269.9,1005.5,12.1,2.6,230.8,19.8,8,10,2024-10-04T06:15:48,2024-10-04T18:03:26,0.05,Clear,Clear conditions throughout the day.,clear-day,"42182099999,42176099999,VIDP,42139099999,42181099999"
india,2024-10-05,95.3,80,86.3,106.1,80,93.3,73.6,67.7,0,0,0,,0,0,13.2,11.4,279.8,1007.7,27.8,2.7,224.1,19.6,8,10,2024-10-05T06:16:20,2024-10-05T18:02:18,0.08,Partially cloudy,Partly cloudy throughout the day.,partly-cloudy-day,"42182099999,VIDP,42139099999,42181099999"
india,2024-10-06,95.3,78.5,85.9,99.4,78.5,89.4,69.8,61,0,0,0,,0,0,18.3,10.3,316.3,1011.3,6.7,2.5,223.1,19.3,8,10,2024-10-06T06:16:53,2024-10-06T18:01:09,0.12,Clear,Clear conditions throughout the day.,clear-day,"42182099999,42176099999,VIDP,42139099999,42181099999,VIDD"
india,2024-10-07,94.6,75.2,84.6,97.2,75.2,87.6,70.8,66.3,0,0,0,,0,0,10.1,6.9,294.1,1013.4,0.2,2.3,227.8,19.7,8,10,2024-10-07T06:17:26,2024-10-07T18:00:01,0.15,Clear,Clear conditions throughout the day.,clear-day,"42182099999,42176099999,VIDP,42139099999,42181099999,VIDD"
india,2024-10-08,94.4,73.4,83.8,98.5,73.4,86.1,69.1,64.2,0,0,0,,0,0,9.8,6.9,289.9,1012.9,4.6,2.3,208.7,18.1,7,10,2024-10-08T06:17:59,2024-10-08T17:58:54,0.19,Clear,Clear conditions throughout the day.,clear-day,"42182099999,42176099999,VIDP,42139099999,42181099999"
india,2024-10-09,93,73.4,82.7,96.1,73.4,85,68.7,64.6,0,0,0,,0,0,14.5,9.2,288.6,1010.9,9.1,2.2,224.8,19.5,8,10,2024-10-09T06:18:33,2024-10-09T17:57:47,0.22,Clear,Clear conditions throughout the day.,clear-day,"42182099999,42176099999,VIDP,42139099999,42181099999"
india,2024-10-10,92.7,71.6,82,92.6,71.6,82.5,65.3,60.2,0,0,0,,0,0,17,9.2,286.2,1010.2,19.9,2.6,225.9,19.6,8,10,2024-10-10T06:19:07,2024-10-10T17:56:41,0.25,Clear,Clear conditions throughout the day.,clear-day,"42182099999,42176099999,VIDP,42139099999,42181099999"
india,2024-10-11,90.3,69.8,80.3,90.3,69.8,80.6,64.6,61.6,0,0,0,,0,0,16.3,9.2,273.7,1010.3,12.3,2.3,227.9,19.7,8,10,2024-10-11T06:19:41,2024-10-11T17:55:35,0.25,Clear,Clear conditions throughout the day.,clear-day,"42182099999,42176099999,VIDP,42139099999,42181099999"
india,2024-10-12,92.3,69.6,80.8,93,69.6,81,63.8,59.7,0,0,0,,0,0,14.1,9.2,286.9,1010.9,15.2,2.4,226.1,19.6,8,10,2024-10-12T06:20:16,2024-10-12T17:54:30,0.32,Clear,Clear conditions throughout the day.,clear-day,"42182099999,42176099999,VIDP,42139099999,42181099999"
india,2024-10-13,93.7,70.6,81.5,92.2,70.6,80.8,60,53.3,0,0,0,,0,0,7.6,9.2,304,1011.6,29,2.3,214.3,18.3,8,10,2024-10-13T06:20:51,2024-10-13T17:53:26,0.36,Partially cloudy,Partly cloudy throughout the day.,partly-cloudy-day,"42182099999,42176099999,VIDP,42139099999,42181099999"
india,2024-10-14,92.3,69.6,80.6,90.4,69.6,80.1,60.1,52.7,0,0,0,,0,0,13.9,10.3,280.8,1012.2,21.9,2.2,223,19.3,8,10,2024-10-14T06:21:27,2024-10-14T17:52:22,0.39,Partially cloudy,Partly cloudy throughout the day.,partly-cloudy-day,"42182099999,42176099999,VIDP,42139099999,42181099999"
india,2024-10-15,91.5,67.6,79.7,91.3,67.6,79.4,60.1,53.9,0,0,0,,0,0,15.9,8.1,260.1,1011.4,2.3,2.3,220,19.1,8,10,2024-10-15T06:22:03,2024-10-15T17:51:19,0.42,Clear,Clear conditions throughout the day.,clear-day,"42182099999,42176099999,VIDP,42139099999,42181099999"
india,2024-10-16,94.4,68.5,80.7,95.3,68.5,80.6,61.4,55.4,0,0,0,,0,0,10.3,4.7,223.3,1010.1,50.4,1.8,207.8,17.9,8,10,2024-10-16T06:22:39,2024-10-16T17:50:17,0.46,Partially cloudy,Partly cloudy throughout the day.,partly-cloudy-day,"42182099999,42176099999,VIDP,42139099999,42181099999"
india,2024-10-17,95,71,82.2,95.8,71,82.1,62.5,55.6,0,0,0,,0,0,12.1,4.7,156.4,1010.6,43,1.8,208.9,18,8,10,2024-10-17T06:23:16,2024-10-17T17:49:16,0.5,Partially cloudy,Partly cloudy throughout the day.,partly-cloudy-day,"42182099999,42176099999,VIDP,42139099999,42181099999"
india,2024-10-18,95.4,70,82.3,96.6,70,82.1,61.7,54.3,0,0,0,,0,0,10.1,5,250.3,1010.4,0,2,213.4,18.3,8,10,2024-10-18T06:23:53,2024-10-18T17:48:15,0.53,Clear,Clear conditions throughout the day.,clear-day,"42182099999,42176099999,VIDP,42139099999,42181099999"
india,2024-10-19,96.4,70.4,82.9,98.2,70.4,83.2,62.9,54.5,0,0,0,,0,0,9.2,8.1,270.3,1010.7,0.4,2.1,212.2,18.2,8,10,2024-10-19T06:24:30,2024-10-19T17:47:15,0.56,Clear,Clear conditions throughout the day.,clear-day,"42182099999,42176099999,VIDP,42139099999,42181099999,VIDD"
india,2024-10-20,94.8,71.1,82.2,102.1,71.1,84.3,67.9,64.1,0,0,0,,0,0,13.9,8.1,83.9,1011.9,4.5,1.6,207.8,18,8,10,2024-10-20T06:25:08,2024-10-20T17:46:17,0.59,Clear,Clear conditions throughout the day.,clear-day,"42182099999,42176099999,VIDP,42139099999,42181099999,VIDD"
india,2024-10-21,92.4,71.1,81,98.4,71.1,82.7,68.9,69.4,0,0,0,,0,0,10.5,9.2,60.5,1012.5,0.4,1.4,199.9,17.3,7,10,2024-10-21T06:25:47,2024-10-21T17:45:19,0.63,Clear,Clear conditions throughout the day.,clear-day,"42182099999,42176099999,VIDP,42139099999,42181099999"
india,2024-10-22,91.4,70.7,80.3,96,70.7,81.4,67.3,67.8,0,0,0,,0,0,11.2,5.8,335.8,1013.6,0.6,1.3,207,17.9,7,10,2024-10-22T06:26:25,2024-10-22T17:44:21,0.66,Clear,Clear conditions throughout the day.,clear-day,"42182099999,42176099999,VIDP,42139099999,42181099999,VIDD"
india,2024-10-23,90.3,70.8,79.9,93.1,70.8,80.7,66.7,67,0,0,0,,0,0,18.6,11.4,286.8,1013.2,1.7,1.3,203,17.5,7,10,2024-10-23T06:27:05,2024-10-23T17:43:25,0.69,Clear,Clear conditions throughout the day.,clear-day,"42182099999,42176099999,VIDP,42139099999,42181099999"
india,2024-10-24,92.2,68,79.7,95.1,68,80,63.5,60.3,0,0,0,,0,0,17.7,10.3,275.4,1011.8,0,1.6,208.8,18,7,10,2024-10-24T06:27:44,2024-10-24T17:42:30,0.75,Clear,Clear conditions throughout the day.,clear-day,"42182099999,42176099999,VIDP,42139099999,42181099999"
india,2024-10-25,91.4,68,78.1,91.5,68,78.1,62.3,61.8,0,0,0,,0,0,20.4,12.8,272.9,1011,0,1.7,206.8,17.9,7,10,2024-10-25T06:28:24,2024-10-25T17:41:36,0.76,Clear,Clear conditions throughout the day.,clear-day,"42182099999,42176099999,VIDP,42139099999,42181099999,VIDD"
india,2024-10-26,91.4,67.7,78.5,92.4,67.7,78.7,61.3,58.3,0,0,0,,0,0,15.4,10.3,290.2,1010.9,0,1.8,205.5,17.9,7,10,2024-10-26T06:29:05,2024-10-26T17:40:43,0.79,Clear,Clear conditions throughout the day.,clear-day,"42182099999,42176099999,VIDP,42139099999,42181099999,VIDD"
india,2024-10-27,91.4,70.3,80,98.7,70.3,81.8,67.9,68.6,0,0,0,,0,0,13.4,4.7,91.7,1010.1,0.4,1.4,199.9,17.2,7,10,2024-10-27T06:29:46,2024-10-27T17:39:51,0.83,Clear,Clear conditions throughout the day.,clear-day,"42182099999,42176099999,VIDP,42139099999,42181099999,VIDD"
india,2024-10-28,92,70.9,80.8,99.1,70.9,82.3,67.2,65.2,0,0,0,,0,0,9.2,6.9,140.1,1009,3,1.7,188.8,16.3,7,10,2024-10-28T06:30:27,2024-10-28T17:39:00,0.86,Clear,Clear conditions throughout the day.,clear-day,"42182099999,42176099999,VIDP,42139099999,42181099999"
india,2024-10-29,94.3,71.1,81.7,102.6,71.1,83.8,68.6,67.3,0,0,0,,0,0,11.2,6.9,118.4,1009.3,0,1.7,195.9,17,7,10,2024-10-29T06:31:09,2024-10-29T17:38:10,0.89,Clear,Clear conditions throughout the day.,clear-day,"42182099999,42176099999,VIDP,42139099999,42181099999"
india,2024-10-30,95,71.6,82.6,101.7,71.6,84,66.6,61.4,0,0,0,,0,0,11.6,5.8,343.9,1009.9,0.2,1.7,197,17.1,7,10,2024-10-30T06:31:52,2024-10-30T17:37:21,0.92,Clear,Clear conditions throughout the day.,clear-day,"42182099999,42176099999,VIDP,42139099999,42181099999"
india,2024-10-31,91.4,71.7,80.5,95.7,71.7,81.2,65.7,63.9,0,0,0,,0,0,19.9,10.3,269.7,1011.8,0,1.4,198.2,17.2,7,10,2024-10-31T06:32:34,2024-10-31T17:36:34,0.96,Clear,Clear conditions throughout the day.,clear-day,"42182099999,42176099999,VIDP,42139099999,42181099999"
india,2024-11-01,90.7,64.4,77.2,92.5,64.4,77,58.2,55.2,0,0,0,,0,0,19.5,10.3,264.8,1012.6,0,1.5,200.8,17.2,7,10,2024-11-01T06:33:17,2024-11-01T17:35:48,0,Clear,Clear conditions throughout the day.,clear-day,"42182099999,42176099999,VIDP,42139099999,42181099999"
india,2024-11-02,90.7,65.2,77,91.5,65.2,76.7,58.4,56.8,0,0,0,,0,0,11.4,4.7,334.8,1013.7,0,1.6,198.1,17.1,7,10,2024-11-02T06:34:01,2024-11-02T17:35:02,0.03,Clear,Clear conditions throughout the day.,clear-day,"42182099999,42176099999,VIDP,42139099999,42181099999"
india,2024-11-03,89,64,75.8,90.4,64,75.5,58.2,58.6,0,0,0,,0,0,11,5.8,338.5,1014.7,0,1.4,193.9,16.8,7,10,2024-11-03T06:34:45,2024-11-03T17:34:19,0.06,Clear,Clear conditions throughout the day.,clear-day,"42182099999,42176099999,VIDP,42139099999,42181099999"
india,2024-11-04,87.9,64.3,74.9,89.9,64.3,75,60.7,63.7,0,0,0,,0,0,9.8,4.7,259.7,1013.1,0,1.1,192.7,16.8,7,10,2024-11-04T06:35:29,2024-11-04T17:33:36,0.1,Clear,Clear conditions throughout the day.,clear-day,"42182099999,42176099999,VIDP,42139099999,42181099999"
india,2024-11-05,88.4,65.1,75.7,90.7,65.1,75.8,61.4,64.5,0,0,0,,0,0,14.1,6.9,89.3,1015.1,0.5,1.3,187.9,16.2,7,10,2024-11-05T06:36:14,2024-11-05T17:32:55,0.13,Clear,Clear conditions throughout the day.,clear-day,"42182099999,42176099999,VIDP,42139099999,42181099999"
india,2024-11-06,88.2,65.2,75.7,91.4,65.2,75.9,62.4,66.5,0,0,0,,0,0,8.3,4.7,274.1,1015.3,6.6,1.1,183.8,15.8,7,10,2024-11-06T06:36:59,2024-11-06T17:32:15,0.16,Clear,Clear conditions throughout the day.,clear-day,"42182099999,42176099999,VIDP,42139099999,42181099999"
india,2024-11-07,87.7,67,76.4,92.3,67,77,64.4,68.6,0,0,0,,0,0,11.4,4.7,104.3,1014.5,2.3,0.9,175.5,15.1,6,10,2024-11-07T06:37:44,2024-11-07T17:31:36,0.2,Clear,Clear conditions throughout the day.,fog,"42182099999,42176099999,VIDP,42139099999,42181099999"
india,2024-11-08,87.6,67.2,75.9,92.3,67.2,76.6,65.4,72,0,0,0,,0,0,11.6,4.7,109.8,1014.3,1.6,0.9,175.5,15.1,6,10,2024-11-08T06:38:30,2024-11-08T17:30:59,0.23,Clear,Clear conditions throughout the day.,fog,"42182099999,42176099999,VIDP,42139099999,42181099999"
india,2024-11-09,88.5,67.4,76.9,93,67.4,77.7,65.7,70.7,0,0,0,,0,0,13.9,6.9,105.5,1014.3,1.6,1,157.1,13.5,6,10,2024-11-09T06:39:16,2024-11-09T17:30:23,0.25,Clear,Clear conditions throughout the day.,clear-day,"42182099999,42176099999,VIDP,42139099999,42181099999"
india,2024-11-10,86.8,67.6,76.1,91.7,67.6,76.9,66.3,73.7,0,0,0,,0,0,13.4,4.7,92.6,1014.3,2.3,1,177.2,15.3,7,10,2024-11-10T06:40:03,2024-11-10T17:29:49,0.3,Clear,Clear conditions throughout the day.,clear-day,"42182099999,42176099999,VIDP,42139099999,42181099999"
india,2024-11-11,88,65.7,76.2,91.6,65.7,76.7,65.3,72.3,0,0,0,,0,0,10.5,3.4,72.3,1014.3,9.4,1,165.2,14.5,6,10,2024-11-11T06:40:49,2024-11-11T17:29:16,0.34,Clear,Clear conditions throughout the day.,clear-day,"42182099999,42176099999,VIDP,42139099999,42181099999"
india,2024-11-12,89.6,66.5,76.2,90.2,66.5,76.2,61.5,65.3,0,0,0,,0,0,11.9,9.2,267.8,1013.9,4.9,1.2,177.4,15.3,7,10,2024-11-12T06:41:36,2024-11-12T17:28:45,0.37,Clear,Clear conditions throughout the day.,clear-day,"42182099999,42176099999,VIDP,42139099999,42181099999"
india,2024-11-13,80,64.4,70.3,80,64.4,70.3,64.9,84.3,0,0,0,,0,0,15.4,6.3,274.9,1013.3,38.1,0.4,176,15.2,6,10,2024-11-13T06:42:24,2024-11-13T17:28:15,0.41,Partially cloudy,Clearing in the afternoon.,fog,"42182099999,42176099999,VIDP,42139099999,42181099999"
india,2024-11-14,82.8,63,71.8,84.8,63,71.8,62,74.5,0,0,0,,0,0,11.4,4.7,8,1015.4,16.8,0.7,176.8,15.2,7,10,2024-11-14T06:43:11,2024-11-14T17:27:46,0.44,Clear,Clear conditions throughout the day.,fog,"42182099999,42176099999,VIDP,42139099999,42181099999,VIDD"
india,2024-11-15,86,62.2,72.8,86.9,62.2,72.7,59.3,66.7,0,0,0,,0,0,17.4,9.2,298.8,1014.5,7.9,1,175.7,15.1,7,10,2024-11-15T06:43:59,2024-11-15T17:27:19,0.48,Clear,Clear conditions throughout the day.,clear-day,"42182099999,42176099999,VIDP,42139099999,42181099999"
india,2024-11-16,83.9,62,71.6,85.3,62,71.6,59.1,67.8,0,0,0,,0,0,16.6,6.3,279.6,1013.4,0.5,0.8,176.8,15.3,7,10,2024-11-16T06:44:46,2024-11-16T17:26:54,0.5,Clear,Clear conditions throughout the day.,fog,"42182099999,42176099999,VIDP,42139099999,42181099999"
india,2024-11-17,79.5,60.8,68.5,79.5,60.8,68.5,60.3,76.6,0,0,0,,0,0,7.6,10.3,274.5,1014.3,23.5,0.6,162.4,14,6,10,2024-11-17T06:45:34,2024-11-17T17:26:30,0.54,Partially cloudy,Partly cloudy throughout the day.,fog,"42182099999,42176099999,VIDP,42139099999,42181099999"
india,2024-11-18,73.3,60.7,64.9,73.3,60.7,64.9,60,85.6,0,0,0,,0,0,17.4,8.7,276.8,1016,78.6,0.3,166.6,14.4,6,10,2024-11-18T06:46:22,2024-11-18T17:26:08,0.58,Partially cloudy,Partly cloudy throughout the day.,fog,"VIDP,42181099999,VIDD"
india,2024-11-19,75.1,57.1,64.7,75.1,57.1,64.7,54,70.9,0,0,0,,0,0,15.2,5.8,254.2,1016.9,21.7,0.6,178.6,15.4,7,10,2024-11-19T06:47:11,2024-11-19T17:25:47,0.61,Partially cloudy,Partly cloudy throughout the day.,fog,"VIDP,VIDD"
india,2024-11-20,76.9,55.3,65.1,76.9,55.3,65.1,51.1,64.2,0,0,0,,0,0,13.4,5.8,256.5,1016,0,0.9,179.1,15.4,7,10,2024-11-20T06:47:59,2024-11-20T17:25:28,0.64,Clear,Clear conditions throughout the day.,fog,VIDP
india,2024-11-21,78.7,53.5,64.7,78.7,53.5,64.7,48.8,59.5,0,0,0,,0,0,12.3,5.8,260.8,1015.4,0,1,178.5,15.4,7,10,2024-11-21T06:48:47,2024-11-21T17:25:10,0.67,Clear,Clear conditions throughout the day.,clear-day,VIDP
india,2024-11-22,79,54.6,65.3,79,54.6,65.3,52.5,66.6,0,0,0,,0,0,6,4.7,265.6,1015.1,0,0.8,160.4,14,6,10,2024-11-22T06:49:35,2024-11-22T17:24:54,0.71,Clear,Clear conditions throughout the day.,fog,"42182099999,42176099999,VIDP,42139099999,42181099999"
india,2024-11-23,82.4,54.9,67.3,81,54.9,67.1,52.3,64.4,0,0,0,,0,0,11.9,4.7,177.8,1015.5,2.2,0.9,170.1,14.7,6,10,2024-11-23T06:50:23,2024-11-23T17:24:40,0.75,Clear,Clear conditions throughout the day.,fog,"42182099999,42176099999,VIDP,42139099999,42181099999"
india,2024-11-24,82.4,56.4,68.5,80.8,56.4,68.3,51.9,59.7,0,0,0,,0,0,16.6,9.2,268.7,1015.3,0,1.5,171.2,14.9,7,10,2024-11-24T06:51:11,2024-11-24T17:24:28,0.77,Clear,Clear conditions throughout the day.,clear-day,"42182099999,42176099999,VIDP,42139099999,42181099999"
india,2024-11-25,77.7,59,66.4,77.7,59,66.4,55.6,69.7,0,0,0,,0,0,17.4,9.2,273.6,1015.3,0.7,1,170.3,14.6,7,10,2024-11-25T06:51:59,2024-11-25T17:24:17,0.81,Clear,Clear conditions throughout the day.,clear-day,"42182099999,42176099999,VIDP,42139099999,42181099999"
india,2024-11-26,78.6,56.4,65.5,78.6,56.4,65.5,52.6,66,0,0,0,,0,0,16.1,8.1,271.5,1015.5,0,1.5,172,15.1,7,10,2024-11-26T06:52:47,2024-11-26T17:24:07,0.84,Clear,Clear conditions throughout the day.,clear-day,"42182099999,42176099999,VIDP,42139099999,42181099999"
india,2024-11-27,79.2,54.4,65.2,79.2,54.4,65.2,49.8,61.1,0,0,0,,0,0,13.9,6.9,298.3,1015,0,1.6,172.9,15.1,7,10,2024-11-27T06:53:35,2024-11-27T17:23:59,0.87,Clear,Clear conditions throughout the day.,clear-day,"42182099999,42176099999,VIDP,42139099999,42181099999,VIDD"
india,2024-11-28,78.5,52.7,64.2,78.5,52.7,64.2,49.3,63.1,0,0,0,,0,0,12.1,5.8,342.5,1016.8,0,1.4,172.5,15.1,7,10,2024-11-28T06:54:22,2024-11-28T17:23:53,0.9,Clear,Clear conditions throughout the day.,clear-day,"42182099999,42176099999,VIDP,42139099999,42181099999"
india,2024-11-29,77.2,50.9,63.6,77.2,50.9,63.6,49.8,64.7,0,0,0,,0,0,8.7,4.7,287.8,1017.3,0.8,1.2,169.9,14.8,7,10,2024-11-29T06:55:10,2024-11-29T17:23:49,0.94,Clear,Clear conditions throughout the day.,clear-day,"42182099999,42176099999,VIDP,42139099999,42181099999,VIDD"
india,2024-11-30,78.1,51.8,63.9,78.1,51.8,63.9,50.8,66.7,0,0,0,,0,0,13.4,6.9,279.7,1015.4,0,1.2,167.8,14.4,6,10,2024-11-30T06:55:56,2024-11-30T17:23:46,0.97,Clear,Clear conditions throughout the day.,clear-day,"42182099999,42176099999,VIDP,42139099999,42181099999"
india,2024-12-01,76.9,57.1,65.4,76.9,57.1,65.4,51.6,64.1,0,0,0,,0,0,12.3,9.2,271.2,1013.8,0,1.6,164.2,14.1,6,10,2024-12-01T06:56:43,2024-12-01T17:23:45,0,Clear,Clear conditions throughout the day.,clear-day,"42182099999,VIDP,42181099999"
india,2024-12-02,78.8,53.7,65.4,78.8,53.7,65.4,53,67.9,0,0,0,,0,0,13.6,5.8,274.5,1013.9,0,1.6,166.7,14.3,6,10,2024-12-02T06:57:29,2024-12-02T17:23:46,0.04,Clear,Clear conditions throughout the day.,clear-day,"42182099999,42176099999,VIDP,42139099999,42181099999"
india,2024-12-03,80.6,53.2,65.7,79.9,53.2,65.7,52.6,66.7,0,0,0,,0,0,15,9.2,276.8,1015.8,2.2,1.6,166.1,14.3,6,10,2024-12-03T06:58:15,2024-12-03T17:23:48,0.07,Clear,Clear conditions throughout the day.,clear-day,"42182099999,42176099999,VIDP,42139099999,42181099999"
india,2024-12-04,78.8,55.4,65.6,78.8,55.4,65.6,48.3,58.4,0,0,0,,0,0,21.7,11.4,274.9,1015.2,0,1.9,167,14.3,6,10,2024-12-04T06:59:00,2024-12-04T17:23:51,0.11,Clear,Clear conditions throughout the day.,clear-day,"42182099999,42176099999,VIDP,42139099999,42181099999"
india,2024-12-05,75.7,49.5,62,75.7,49.5,62,42.1,51.5,0,0,0,,0,0,19.2,13.5,277.2,1014.8,0,2.2,170.8,14.8,7,10,2024-12-05T06:59:44,2024-12-05T17:23:57,0.14,Clear,Clear conditions throughout the day.,clear-day,"42182099999,42176099999,VIDP,42139099999,42181099999,VIDD"
india,2024-12-06,75.2,51,61.5,75.2,51,61.5,42.4,53.2,0,0,0,,0,0,19.9,9.4,285.4,1013.8,0,2.2,169.2,14.6,6,10,2024-12-06T07:00:29,2024-12-06T17:24:04,0.18,Clear,Clear conditions throughout the day.,clear-day,"42182099999,42176099999,VIDP,42139099999,42181099999"
india,2024-12-07,74.1,48.1,60.1,74.1,48.1,60.1,41.7,54.9,0,0,0,,0,0,10.7,4.7,291.5,1013.4,0,1.9,168.7,14.7,7,10,2024-12-07T07:01:12,2024-12-07T17:24:13,0.21,Clear,Clear conditions throughout the day.,clear-day,"42182099999,42176099999,VIDP,42139099999,42181099999"
india,2024-12-08,72.9,48.7,61,72.9,48.7,61,44.8,58.2,0.003,100,4.17,rain,0,0,21.3,10.3,110.9,1012.9,33.9,1.6,152.2,13.1,6,10,2024-12-08T07:01:55,2024-12-08T17:24:23,0.25,"Rain, Partially cloudy",Partly cloudy throughout the day with late afternoon rain.,rain,"42182099999,42176099999,VIDP,42139099999,42181099999"
india,2024-12-09,69.1,49.8,58.4,69.1,49.8,58.4,47.6,69.8,0,0,0,rain,0,0,15.7,6.9,299.9,1015.7,11.5,1.7,161.4,14,6,10,2024-12-09T07:02:37,2024-12-09T17:24:35,0.28,Clear,Clear conditions throughout the day.,clear-day,"42182099999,42176099999,VIDP,42139099999,42181099999"
india,2024-12-10,71.4,47.2,57,71.4,46.3,56.7,40.9,62,0,0,0,,0,0,20.8,12.8,272.5,1017.5,0,1.7,168.2,14.7,6,10,2024-12-10T07:03:19,2024-12-10T17:24:48,0.32,Clear,Clear conditions throughout the day.,clear-day,"42182099999,42176099999,VIDP,42139099999,42181099999"
india,2024-12-11,70.9,42.8,55.8,70.9,40,55.4,33.8,48.2,0,0,0,,0,0,18.3,9.2,275.6,1017.3,0,2,170.6,14.9,7,10,2024-12-11T07:03:59,2024-12-11T17:25:03,0.35,Clear,Clear conditions throughout the day.,clear-day,"42182099999,42176099999,VIDP,42139099999,42181099999"
india,2024-12-12,70.8,42.3,55.9,70.8,40,55.7,38.9,56.7,0,0,0,,0,0,17.7,6.9,273.4,1016.8,0,1.5,169.2,14.9,7,10,2024-12-12T07:04:39,2024-12-12T17:25:20,0.39,Clear,Clear conditions throughout the day.,clear-day,"42182099999,42176099999,VIDP,42139099999,42181099999"
india,2024-12-13,71.6,44.6,57.2,71.6,42.1,56.9,38.4,54.4,0,0,0,,0,0,23,12.8,272.6,1017.8,5.4,1.6,170.9,14.9,7,10,2024-12-13T07:05:18,2024-12-13T17:25:38,0.43,Clear,Clear conditions throughout the day.,clear-day,"42182099999,42176099999,VIDP,42139099999,42181099999"
india,2024-12-14,71.7,44.6,56.9,71.7,42.1,56.2,36.8,50.8,0,0,0,,0,0,18.6,11.4,267.5,1018.1,0,2.1,169.1,14.8,7,10,2024-12-14T07:05:56,2024-12-14T17:25:57,0.46,Clear,Clear conditions throughout the day.,clear-day,"42182099999,42176099999,VIDP,42139099999,42181099999"
india,2024-12-15,71.6,44,55.7,71.6,43.2,55.6,38.5,56.7,0,0,0,,0,0,11.6,5.8,271.2,1019.5,0,1.6,169.7,14.7,7,10,2024-12-15T07:06:34,2024-12-15T17:26:18,0.5,Clear,Clear conditions throughout the day.,clear-day,"42182099999,42176099999,VIDP,42139099999,42181099999"
india,2024-12-16,72.9,42.2,55,72.9,42.2,55,43.5,68.5,0,0,0,,0,0,11,4.7,274.2,1017.7,0,1,168.6,14.5,6,10,2024-12-16T07:07:10,2024-12-16T17:26:41,0.53,Clear,Clear conditions throughout the day.,clear-day,"42182099999,42176099999,VIDP,42139099999,42181099999"
india,2024-12-17,73.1,44.6,56.6,73.1,44.6,56.6,45.5,70.8,0,0,0,,0,0,10.1,6.9,94,1016.3,3.5,0.7,166.4,14.4,6,10,2024-12-17T07:07:45,2024-12-17T17:27:04,0.56,Clear,Clear conditions throughout the day.,fog,"42182099999,42176099999,VIDP,42139099999,42181099999,VIDD"
india,2024-12-18,68,46.4,54.9,68,45.2,54.7,47.4,78.7,0,0,0,,0,0,10.7,5.8,274.3,1015.9,8.3,0.4,166.7,14.4,6,10,2024-12-18T07:08:19,2024-12-18T17:27:30,0.59,Clear,Clear conditions throughout the day.,fog,"42182099999,VIDP,42139099999,42181099999"
india,2024-12-19,71.7,43.1,56,71.7,43.1,56,46,73.6,0,0,0,,0,0,17.2,8.1,97.2,1015.7,0.6,0.7,164.4,14.3,6,10,2024-12-19T07:08:52,2024-12-19T17:27:56,0.63,Clear,Clear conditions throughout the day.,fog,"42182099999,42176099999,VIDP,42139099999,42181099999,VIDD"
india,2024-12-20,71.9,47.8,59.1,71.9,47.8,59.1,50.2,74.9,0,0,0,,0,0,11.2,4.7,346,1015.4,6,0.7,149.8,13,6,10,2024-12-20T07:09:24,2024-12-20T17:28:24,0.66,Clear,Clear conditions throughout the day.,fog,"42182099999,42176099999,VIDP,42139099999,42181099999"
india,2024-12-21,72.4,47.4,58.2,72.4,47.3,58.1,48.3,74,0,0,0,,0,0,12.5,6.9,286.1,1015.9,3.3,0.7,163.3,14.1,6,10,2024-12-21T07:09:55,2024-12-21T17:28:53,0.69,Clear,Clear conditions throughout the day.,fog,"42182099999,42176099999,VIDP,42139099999,42181099999"
india,2024-12-22,73.4,47.3,59,73.4,47.3,59,48,71.2,0,0,0,,0,0,8.3,5.8,126.8,1015.7,13.1,0.9,162.8,14.1,6,10,2024-12-22T07:10:24,2024-12-22T17:29:24,0.72,Clear,Clear conditions throughout the day.,fog,"42182099999,42176099999,VIDP,42139099999,42181099999"
india,2024-12-23,64.5,50.3,58.1,64.5,50.3,58.1,51.1,78.4,0.011,100,12.5,rain,0,0,22.1,6.9,61.7,1015.7,64.2,0.7,96.3,8.3,4,10,2024-12-23T07:10:53,2024-12-23T17:29:56,0.75,"Rain, Partially cloudy",Partly cloudy throughout the day with rain.,rain,"42182099999,42176099999,VIDP,42139099999,42181099999"
india,2024-12-24,68.4,51.8,58.8,68.4,51.8,58.8,51.9,80.8,0.073,100,4.17,rain,0,0,15.4,6.9,52.6,1016.9,60,0.6,140.2,12.1,6,10,2024-12-24T07:11:20,2024-12-24T17:30:29,0.79,"Rain, Partially cloudy",Partly cloudy throughout the day with late afternoon rain.,rain,"42182099999,42176099999,VIDP,42139099999,42181099999"
india,2024-12-25,71,49.9,58.1,71,49.9,58.1,52.1,82.4,0,0,0,,0,0,12.5,6.9,275.2,1019,24.5,0.5,157,13.5,6,10,2024-12-25T07:11:45,2024-12-25T17:31:03,0.82,Partially cloudy,Clearing in the afternoon.,fog,"42182099999,42176099999,VIDP,42139099999,42181099999"
india,2024-12-26,73.4,48.2,59.6,73.4,48.2,59.5,50.8,76.8,0,0,0,,0,0,8.7,4.7,3.2,1020.8,5,0.7,162.4,14,6,10,2024-12-26T07:12:10,2024-12-26T17:31:38,0.85,Clear,Clear conditions throughout the day.,fog,"42182099999,42176099999,VIDP,42139099999,42181099999"
india,2024-12-27,60.8,57,58.2,60.8,57,58.2,56.4,94.3,1.754,100,25,rain,0,0,24.6,11.4,55.4,1019.3,88,0.7,42,3.6,2,10,2024-12-27T07:12:33,2024-12-27T17:32:15,0.88,"Rain, Partially cloudy",Partly cloudy throughout the day with a chance of rain throughout the day.,rain,"42182099999,42176099999,VIDP,42139099999,42181099999"
india,2024-12-28,60.8,55.4,58.7,60.8,55.4,58.7,57.6,96.2,0.204,100,4.17,rain,0,0,15,5.8,287.9,1018.9,92.9,0.7,35.2,2.9,2,10,2024-12-28T07:12:55,2024-12-28T17:32:52,0.91,"Rain, Overcast",Cloudy skies throughout the day with early morning rain.,rain,"42182099999,42176099999,VIDP,42139099999,42181099999,VIDD"
india,2024-12-29,61.7,51.8,56,61.7,51.8,56,54.1,93.5,0,0,0,,0,0,16.6,11.4,278.2,1020.6,69.6,0.7,129.3,11.2,5,10,2024-12-29T07:13:15,2024-12-29T17:33:30,0.95,Partially cloudy,Partly cloudy throughout the day.,fog,"42182099999,42176099999,VIDP,42139099999,42181099999,VIDD"
india,2024-12-30,57.1,48.2,52.5,57.1,46.7,52.3,50.5,92.9,0,0,0,,0,0,17.4,9.2,270.1,1020.2,48.6,0.7,149.1,12.9,6,10,2024-12-30T07:13:34,2024-12-30T17:34:10,0.98,Partially cloudy,Partly cloudy throughout the day.,fog,"42182099999,42176099999,VIDP,42139099999,42181099999"
india,2024-12-31,61.4,49.2,53.1,61.4,48.4,53,48.8,86.1,0,0,0,,0,0,10.5,4.7,273.7,1021,48.9,0.9,109.8,9.4,5,10,2024-12-31T07:13:51,2024-12-31T17:34:50,0,Partially cloudy,Partly cloudy throughout the day.,fog,"42182099999,42176099999,VIDP,42139099999,42181099999"
india,2025-01-01,55.3,46.3,50.3,55.3,44.1,49.5,48.1,92.3,0,0,0,,0,0,16.8,6.9,263.2,1019.1,38.4,0.5,166.8,14.3,6,10,2025-01-01T07:14:07,2025-01-01T17:35:31,0.05,Partially cloudy,Partly cloudy throughout the day.,fog,"42182099999,VIDP,42181099999"
india,2025-01-02,57.1,46.3,50.3,57.1,42.8,49,47.8,91.6,0,0,0,,0,0,19.7,8.1,272,1018.3,49.1,0.5,139.9,12.1,6,10,2025-01-02T07:14:21,2025-01-02T17:36:14,0.08,Partially cloudy,Partly cloudy throughout the day.,fog,VIDP
india,2025-01-03,64.3,46.3,53.3,64.3,45.2,53.2,50.4,91,0,0,0,,0,0,10.1,4.7,281,1018,59.4,0.3,133.2,11.4,6,10,2025-01-03T07:14:34,2025-01-03T17:36:57,0.12,Partially cloudy,Clearing in the afternoon.,fog,VIDP
india,2025-01-04,67.9,48.1,54.4,67.9,47.1,54.3,52.2,93,0,0,0,,0,0,9.4,8.1,102,1015.9,62.5,0.2,150.7,13.1,6,10,2025-01-04T07:14:46,2025-01-04T17:37:40,0.15,Partially cloudy,Clearing in the afternoon.,fog,VIDP
india,2025-01-05,62.5,48.1,53.4,62.5,44.4,52.3,49.8,88.7,0,0,0,,0,0,11.9,8.1,110.6,1015.9,42,0.4,150.3,13.1,6,10,2025-01-05T07:14:55,2025-01-05T17:38:25,0.19,Partially cloudy,Clearing in the afternoon.,fog,VIDP
india,2025-01-06,58.9,51.7,54.3,58.9,51.7,54.3,51.6,91.2,0,0,0,,0,0,12.5,8.1,269.8,1017,59.4,0.5,146.9,12.7,6,10,2025-01-06T07:15:04,2025-01-06T17:39:10,0.23,Partially cloudy,Partly cloudy throughout the day.,fog,VIDP
india,2025-01-07,58.9,49.9,54.2,58.9,49.3,54.2,52.2,93.3,0,0,0,,0,0,18.3,10.3,281.8,1018,64.6,0.5,153,13.2,6,10,2025-01-07T07:15:10,2025-01-07T17:39:55,0.25,Partially cloudy,Partly cloudy throughout the day.,fog,VIDP
